Time,Day_of_week,Age_band_of_driver,Sex_of_driver,Educational_level,Vehicle_driver_relation,Driving_experience,Type_of_vehicle,Owner_of_vehicle,Service_year_of_vehicle,Defect_of_vehicle,Area_accident_occured,Lanes_or_Medians,Road_allignment,Types_of_Junction,Road_surface_type,Road_surface_conditions,Light_conditions,Weather_conditions,Type_of_collision,Number_of_vehicles_involved,Number_of_casualties,Vehicle_movement,Casualty_class,Sex_of_casualty,Age_band_of_casualty,Casualty_severity,Work_of_casuality,Fitness_of_casuality,Pedestrian_movement,Cause_of_accident,Accident_severity,Hour
16:51:00,Saturday,31-50,Male,Junior high school,Employee,5-10yr,Public (13?45 seats),Owner,Unknown,No defect,Residential areas,Undivided Two way,Tangent road with flat terrain,Y Shape,Asphalt roads,Dry,Daylight,Normal,Vehicle with vehicle collision,2,2,Moving Backward,na,na,na,na,Driver,Normal,Not a Pedestrian,Driving carelessly,Serious Injury,16
11:30:00,Friday,Unknown,Female,Elementary school,Other,5-10yr,Automobile,Owner,5-10yrs,No defect,Church areas,Undivided Two way,Tangent road with flat terrain,O Shape,Asphalt roads,Wet or damp,Daylight,Raining,Collision with pedestrians,3,2,Going straight,Driver or rider,Male,Under 18,3,Driver,Normal,Not a Pedestrian,Driving carelessly,Slight Injury,11
17:16:00,Monday,31-50,Male,Junior high school,Employee,1-2yr,Lorry (41?100Q),Owner,Unknown,No defect,Residential areas,Double carriageway (median),Tangent road with flat terrain,Y Shape,Asphalt roads,Dry,Daylight,Normal,Vehicle with vehicle collision,1,2,Going straight,na,na,na,na,Driver,Normal,Not a Pedestrian,Changing lane to the right,Slight Injury,17
17:28:00,Monday,Unknown,Female,Junior high school,Employee,5-10yr,Pick up upto 10Q,Governmental,Unknown,No defect,Office areas,other,Tangent road with flat terrain,T Shape,Asphalt roads,Dry,Daylight,Normal,Vehicle with vehicle collision,2,1,Going straight,na,na,na,na,Driver,Normal,Not a Pedestrian,Other,Slight Injury,17
9:16:00,Friday,31-50,Male,Elementary school,Employee,2-5yr,Lorry (41?100Q),Owner,Unknown,No defect,Recreational areas,Two-way (divided with broken lines road marking),Steep grade downward with mountainous terrain,No junction,Asphalt roads,Dry,Daylight,Normal,Vehicle with vehicle collision,2,1,Moving Backward,Driver or rider,Male,18-30,3,Driver,Normal,Not a Pedestrian,No distancing,Slight Injury,9
19:50:00,Monday,18-30,Male,Junior high school,Employee,Below 1yr,Public (13?45 seats),Owner,Unknown,No defect,Industrial areas,Undivided Two way,Tangent road with flat terrain,No junction,Asphalt roads,Dry,Darkness - lights lit,Normal,Collision with animals,1,1,Going straight,Driver or rider,Male,31-50,2,Self-employed,Normal,Not a Pedestrian,Driving at high speed,Slight Injury,19
10:00:00,Saturday,18-30,Male,Junior high school,Employee,5-10yr,Other,Owner,5-10yrs,No defect,Office areas,Two-way (divided with broken lines road marking),Tangent road with flat terrain,No junction,Asphalt roads,Dry,Daylight,Normal,Vehicle with vehicle collision,1,1,Going straight,Driver or rider,Female,18-30,3,Driver,Normal,Not a Pedestrian,No priority to vehicle,Slight Injury,10
4:20:00,Saturday,31-50,Male,Junior high school,Owner,2-5yr,Pick up upto 10Q,Owner,5-10yrs,No defect,Other,Double carriageway (median),Tangent road with flat terrain,No junction,Asphalt roads,Dry,Darkness - lights lit,Normal,Collision with pedestrians,2,4,Going straight,na,na,na,na,Self-employed,Normal,Not a Pedestrian,Changing lane to the right,Slight Injury,4
22:35:00,Monday,18-30,Male,Junior high school,Employee,5-10yr,Public (13?45 seats),Owner,Above 10yr,No defect,Office areas,Undivided Two way,Tangent road with flat terrain,Y Shape,Gravel roads,Wet or damp,Darkness - lights lit,Raining,Vehicle with vehicle collision,3,1,Entering a junction,Pedestrian,Male,31-50,3,Driver,Normal,Crossing from nearside - masked by parked or statioNot a Pedestrianry vehicle,No distancing,Slight Injury,22
17:32:00,Tuesday,18-30,Male,Junior high school,Employee,Above 10yr,Stationwagen,Owner,Unknown,No defect,Residential areas,Two-way (divided with broken lines road marking),Tangent road with flat terrain,Y Shape,Asphalt roads,Dry,Daylight,Normal,Vehicle with vehicle collision,3,1,Turnover,Passenger,Female,31-50,3,Self-employed,Normal,Not a Pedestrian,Changing lane to the left,Slight Injury,17
21:15:00,Monday,Unknown,Female,Junior high school,Employee,5-10yr,Public (13?45 seats),Owner,Unknown,No defect,Industrial areas,Undivided Two way,Tangent road with flat terrain,No junction,Asphalt roads,Dry,Darkness - lights lit,Normal,Vehicle with vehicle collision,2,1,Going straight,Pedestrian,Male,Over 51,3,Other,Normal,Not a Pedestrian,No distancing,Slight Injury,21
17:21:00,Thursday,31-50,Male,Junior high school,Employee,5-10yr,Other,Governmental,Unknown,No defect,Office areas,One way,Tangent road with flat terrain,No junction,Asphalt roads,Wet or damp,Darkness - lights lit,Normal,Vehicle with vehicle collision,4,2,Going straight,Passenger,Female,5,3,Driver,Normal,Not a Pedestrian,No distancing,Slight Injury,17
18:00:00,Sunday,31-50,Male,Junior high school,Owner,5-10yr,Automobile,Owner,1-2yr,No defect,Other,Undivided Two way,Tangent road with flat terrain,Y Shape,Asphalt roads,Dry,Daylight,Normal,Vehicle with vehicle collision,1,1,Going straight,na,na,na,na,Self-employed,Normal,Not a Pedestrian,No priority to pedestrian,Slight Injury,18
15:00:00,Friday,31-50,Male,Junior high school,Employee,2-5yr,Lorry (41?100Q),Owner,Unknown,No defect,Residential areas,other,Tangent road with flat terrain,Y Shape,Asphalt roads,Dry,Daylight,Normal,Collision with roadside objects,2,1,Turnover,na,na,na,na,Driver,Normal,Not a Pedestrian,Changing lane to the right,Slight Injury,15
18:43:00,Monday,18-30,Male,Junior high school,Owner,1-2yr,Automobile,Owner,Unknown,No defect,Church areas,Two-way (divided with broken lines road marking),Tangent road with flat terrain,Y Shape,Asphalt roads,Wet or damp,Darkness - lights lit,Normal,Rollover,2,1,Other,Driver or rider,Male,18-30,2,Driver,Normal,Not a Pedestrian,No distancing,Slight Injury,18
7:51:00,Monday,31-50,Male,Junior high school,Employee,2-5yr,Automobile,Governmental,Unknown,No defect,Other,Double carriageway (median),Tangent road with flat terrain,Y Shape,Asphalt roads,Wet or damp,Daylight,Raining,Vehicle with vehicle collision,2,1,Going straight,na,na,na,na,Driver,Normal,Not a Pedestrian,Driving carelessly,Slight Injury,7
17:29:00,Tuesday,Over 51,Male,Elementary school,Employee,5-10yr,Motorcycle,Owner,Unknown,No defect,Industrial areas,Undivided Two way,Tangent road with flat terrain,Y Shape,Asphalt roads,Dry,Daylight,Normal,Vehicle with vehicle collision,2,1,Other,na,na,na,na,Driver,Normal,Not a Pedestrian,Moving Backward,Slight Injury,17
21:05:00,Friday,31-50,Male,Junior high school,Employee,5-10yr,Pick up upto 10Q,Governmental,Unknown,No defect,Office areas,Two-way (divided with broken lines road marking),Tangent road with flat terrain,Other,Asphalt roads,Dry,Darkness - lights lit,Normal,Vehicle with vehicle collision,2,1,Entering a junction,Driver or rider,Female,31-50,3,Driver,Normal,Not a Pedestrian,Driving under the influence of drugs,Slight Injury,21
21:15:00,Sunday,31-50,Male,Junior high school,Employee,2-5yr,Automobile,Owner,Unknown,No defect,Other,Undivided Two way,Tangent road with mountainous terrain and,Y Shape,Asphalt roads,Dry,Darkness - lights lit,Normal,Collision with roadside objects,2,3,Going straight,Driver or rider,Male,18-30,3,Driver,Normal,Not a Pedestrian,Driving carelessly,Slight Injury,21
13:31:00,Sunday,Unknown,Male,Junior high school,Employee,Above 10yr,Other,Owner,Unknown,No defect,Other,Undivided Two way,Tangent road with flat terrain,No junction,Asphalt roads,Dry,Daylight,Normal,Vehicle with vehicle collision,2,2,Moving Backward,na,na,na,na,Driver,Normal,Not a Pedestrian,Getting off the vehicle improperly,Slight Injury,13
18:45:00,Wednesday,31-50,Male,Junior high school,Employee,2-5yr,Public (12 seats),Owner,Unknown,No defect,Other,Undivided Two way,Tangent road with flat terrain,Crossing,Asphalt roads,Dry,Daylight,Normal,Collision with pedestrians,1,1,Going straight,Passenger,Female,18-30,3,Driver,Normal,Not a Pedestrian,No priority to pedestrian,Slight Injury,18
10:16:00,Thursday,Over 51,Male,Junior high school,Employee,5-10yr,Long lorry,Owner,Unknown,No defect,Other,Two-way (divided with broken lines road marking),Tangent road with flat terrain,Other,Asphalt roads,Dry,Daylight,Normal,Collision with pedestrians,2,1,Moving Backward,Driver or rider,Male,31-50,3,Driver,Normal,Not a Pedestrian,Moving Backward,Slight Injury,10
21:40:00,Thursday,Under 18,Male,Elementary school,Employee,2-5yr,Public (13?45 seats),Owner,Unknown,No defect,Office areas,other,Tangent road with flat terrain,Crossing,Asphalt roads,Dry,Darkness - lights lit,Normal,Collision with animals,2,2,Going straight,na,na,na,na,Driver,Normal,Not a Pedestrian,Moving Backward,Slight Injury,21
12:10:00,Friday,18-30,Male,Junior high school,Employee,2-5yr,Lorry (11?40Q),Owner,Unknown,No defect,School areas,other,Tangent road with flat terrain,Y Shape,Asphalt roads,Wet or damp,Darkness - lights lit,Normal,Vehicle with vehicle collision,2,6,Moving Backward,Passenger,Male,18-30,3,Driver,Normal,Not a Pedestrian,Driving to the left,Slight Injury,12
17:16:00,Monday,31-50,Male,Elementary school,Employee,Above 10yr,Motorcycle,Owner,Unknown,No defect,Church areas,Undivided Two way,Tangent road with flat terrain,Y Shape,Asphalt roads,Dry,Daylight,Normal,Vehicle with vehicle collision,1,2,Going straight,na,na,na,na,Self-employed,Normal,Not a Pedestrian,Changing lane to the left,Slight Injury,17
11:15:00,Friday,31-50,Male,Junior high school,Employee,5-10yr,Automobile,Owner,2-5yrs,No defect,School areas,Undivided Two way,Tangent road with flat terrain,Y Shape,Asphalt roads,Dry,Daylight,Normal,Vehicle with vehicle collision,2,2,Going straight,Pedestrian,Male,Under 18,2,Driver,Normal,Unknown or other,No distancing,Slight Injury,11
9:32:00,Sunday,31-50,Male,Junior high school,Employee,Above 10yr,Lorry (11?40Q),Owner,Unknown,No defect,Recreational areas,One way,Tangent road with flat terrain,Y Shape,Earth roads,Dry,Daylight,Normal,Collision with pedestrians,2,2,Going straight,Driver or rider,Male,18-30,3,Driver,Normal,Not a Pedestrian,Driving carelessly,Slight Injury,9
11:00:00,Wednesday,Unknown,Male,High school,Employee,1-2yr,Pick up upto 10Q,Owner,Above 10yr,No defect,Other,other,Steep grade downward with mountainous terrain,No junction,Asphalt roads,Dry,Daylight,Normal,Vehicle with vehicle collision,1,1,Going straight,Driver or rider,Male,18-30,2,Driver,Normal,Not a Pedestrian,Driving carelessly,Serious Injury,11
10:51:00,Thursday,Over 51,Male,Junior high school,Employee,5-10yr,Automobile,Owner,Unknown,No defect,Residential areas,Undivided Two way,Tangent road with flat terrain,Crossing,Asphalt roads,Dry,Daylight,Normal,Vehicle with vehicle collision,2,2,Going straight,na,na,na,na,Self-employed,Normal,Not a Pedestrian,Changing lane to the left,Slight Injury,10
18:47:00,Friday,18-30,Male,Junior high school,Employee,Below 1yr,Public (13?45 seats),Owner,Above 10yr,No defect,Church areas,Two-way (divided with broken lines road marking),Steep grade downward with mountainous terrain,Y Shape,Asphalt roads,Dry,Daylight,Normal,Vehicle with vehicle collision,2,1,Going straight,Pedestrian,Female,31-50,3,Driver,Normal,Crossing from nearside - masked by parked or statioNot a Pedestrianry vehicle,Driving carelessly,Slight Injury,18
13:00:00,Thursday,18-30,Male,Junior high school,Employee,5-10yr,Public (> 45 seats),Owner,Unknown,No defect,Residential areas,Undivided Two way,Tangent road with flat terrain,No junction,Earth roads,Dry,Daylight,Normal,Vehicle with vehicle collision,2,1,Going straight,na,na,na,na,Driver,Normal,Not a Pedestrian,Driving carelessly,Slight Injury,13
16:05:00,Saturday,31-50,Male,High school,Employee,Above 10yr,Lorry (11?40Q),Governmental,Unknown,No defect,School areas,Double carriageway (median),Tangent road with flat terrain,No junction,Asphalt roads,Dry,Daylight,Normal,Collision with pedestrians,2,1,Going straight,na,na,na,na,Driver,Normal,Not a Pedestrian,Changing lane to the right,Slight Injury,16
13:22:00,Sunday,18-30,Male,Junior high school,Owner,2-5yr,Automobile,Owner,Unknown,7,Other,other,Tangent road with flat terrain,Crossing,Asphalt roads,Wet or damp,Daylight,Raining,Vehicle with vehicle collision,2,3,Going straight,na,na,na,na,Driver,Normal,Not a Pedestrian,Driving to the left,Slight Injury,13
7:41:00,Tuesday,18-30,Male,Junior high school,Owner,5-10yr,Automobile,Owner,Unknown,No defect,Other,Two-way (divided with broken lines road marking),Tangent road with mild grade and flat terrain,Y Shape,Asphalt roads,Dry,Daylight,Normal,Vehicle with vehicle collision,2,1,Entering a junction,Driver or rider,Male,Over 51,3,Driver,Normal,Not a Pedestrian,Driving carelessly,Slight Injury,7
3:40:00,Saturday,18-30,Female,Junior high school,Employee,2-5yr,Automobile,Owner,Unknown,No defect,Industrial areas,Undivided Two way,Tangent road with flat terrain,Y Shape,Asphalt roads,Dry,Daylight,Normal,Vehicle with vehicle collision,2,1,Other,Pedestrian,Male,18-30,3,Driver,Normal,Crossing from offside - masked by  parked or statioNot a Pedestrianry vehicle,Changing lane to the left,Slight Injury,3
1:05:00,Friday,Under 18,Male,Junior high school,Employee,2-5yr,Other,Governmental,Unknown,No defect,Residential areas,Two-way (divided with broken lines road marking),Tangent road with flat terrain,Y Shape,Asphalt roads,Dry,Daylight,Normal,Vehicle with vehicle collision,3,1,Stopping,Driver or rider,Male,18-30,3,Self-employed,Normal,Not a Pedestrian,Changing lane to the right,Slight Injury,1
21:35:00,Tuesday,31-50,Male,Junior high school,Owner,1-2yr,Automobile,Owner,2-5yrs,No defect,Residential areas,Undivided Two way,Tangent road with flat terrain,No junction,Asphalt roads,Dry,Darkness - no lighting,Normal,Collision with pedestrians,2,5,Going straight,Driver or rider,Male,18-30,3,Driver,Normal,Not a Pedestrian,Driving carelessly,Slight Injury,21
17:25:00,Friday,Under 18,Male,Junior high school,Employee,2-5yr,Lorry (11?40Q),Owner,Above 10yr,No defect,Residential areas,Undivided Two way,Tangent road with flat terrain,No junction,Asphalt roads,Dry,Daylight,Normal,Collision with roadside objects,3,4,Going straight,na,na,na,na,Driver,Normal,Not a Pedestrian,Changing lane to the right,Slight Injury,17
18:30:00,Monday,18-30,Male,Junior high school,Employee,No Licence,Automobile,Owner,Unknown,No defect,Office areas,other,Tangent road with mountainous terrain and,Y Shape,Asphalt roads,Wet or damp,Darkness - lights lit,Raining,Vehicle with vehicle collision,2,1,Going straight,Driver or rider,Male,31-50,3,Driver,Normal,Not a Pedestrian,Moving Backward,Slight Injury,18
14:20:00,Friday,18-30,Male,High school,Owner,2-5yr,Automobile,Owner,Above 10yr,No defect,School areas,other,Tangent road with flat terrain,Y Shape,Asphalt roads,Dry,Daylight,Normal,Vehicle with vehicle collision,2,1,Going straight,na,na,na,na,Driver,Normal,Not a Pedestrian,No priority to vehicle,Slight Injury,14
17:20:00,Wednesday,Unknown,Unknown,Elementary school,Employee,5-10yr,Automobile,Owner,5-10yrs,No defect,Industrial areas,Undivided Two way,Tangent road with flat terrain,No junction,Asphalt roads with some distress,Dry,Daylight,Normal,Vehicle with vehicle collision,1,1,Going straight,na,na,na,na,Driver,Normal,Not a Pedestrian,Driving under the influence of drugs,Slight Injury,17
14:30:00,Sunday,Under 18,Male,Junior high school,Employee,5-10yr,Public (13?45 seats),Owner,Unknown,No defect,Recreational areas,Two-way (divided with broken lines road marking),Tangent road with flat terrain,Y Shape,Asphalt roads,Dry,Daylight,Normal,Vehicle with vehicle collision,2,1,Going straight,Driver or rider,Male,Over 51,2,Self-employed,Normal,Not a Pedestrian,Changing lane to the left,Slight Injury,14
19:35:00,Tuesday,31-50,Male,Junior high school,Employee,5-10yr,Lorry (41?100Q),Owner,5-10yrs,7,Other,Two-way (divided with broken lines road marking),Tangent road with flat terrain,No junction,Asphalt roads,Dry,Daylight,Normal,Vehicle with vehicle collision,2,1,Going straight,Passenger,Female,18-30,2,Driver,Normal,Not a Pedestrian,Driving under the influence of drugs,Slight Injury,19
13:53:00,Friday,31-50,Male,Elementary school,Employee,Above 10yr,Stationwagen,Owner,Unknown,No defect,Other,One way,Tangent road with flat terrain,Y Shape,Asphalt roads,Dry,Daylight,Normal,Vehicle with vehicle collision,2,1,Going straight,Passenger,Male,Over 51,3,Driver,Normal,Not a Pedestrian,Driving carelessly,Slight Injury,13
18:00:00,Wednesday,Unknown,Male,Junior high school,Employee,2-5yr,Other,Owner,2-5yrs,No defect,Other,Undivided Two way,Tangent road with flat terrain,Y Shape,Asphalt roads,Dry,Daylight,Normal,Vehicle with vehicle collision,2,1,Entering a junction,na,na,na,na,Driver,Normal,Not a Pedestrian,Turnover,Slight Injury,18
16:02:00,Thursday,31-50,Male,Elementary school,Employee,5-10yr,Automobile,Owner,Unknown,No defect,Other,Two-way (divided with broken lines road marking),Tangent road with flat terrain,Y Shape,Asphalt roads,Dry,Daylight,Normal,Vehicle with vehicle collision,1,3,Going straight,na,na,na,na,Driver,Normal,Not a Pedestrian,No distancing,Slight Injury,16
11:15:00,Friday,Over 51,Male,Junior high school,Employee,Below 1yr,Taxi,Owner,Unknown,No defect,Church areas,Two-way (divided with broken lines road marking),Tangent road with flat terrain,Y Shape,Asphalt roads,Dry,Daylight,Normal,Rollover,2,2,Going straight,Driver or rider,Male,31-50,2,Driver,Normal,Not a Pedestrian,No priority to vehicle,Slight Injury,11
8:00:00,Tuesday,18-30,Male,Junior high school,Employee,2-5yr,Other,Governmental,Below 1yr,No defect,Residential areas,Two-way (divided with broken lines road marking),Tangent road with flat terrain,Y Shape,Asphalt roads,Dry,Daylight,Normal,Vehicle with vehicle collision,2,1,Overtaking,na,na,na,na,Driver,Normal,Not a Pedestrian,Overspeed,Slight Injury,8
21:30:00,Friday,Unknown,Male,Junior high school,Employee,Below 1yr,Other,Governmental,Unknown,No defect,School areas,Double carriageway (median),Tangent road with flat terrain,Crossing,Asphalt roads,Dry,Darkness - lights lit,Normal,Vehicle with vehicle collision,2,2,Moving Backward,Driver or rider,Male,31-50,3,Driver,Normal,Not a Pedestrian,Overloading,Slight Injury,21
19:00:00,Tuesday,31-50,Male,Junior high school,Employee,Above 10yr,Lorry (41?100Q),Owner,1-2yr,No defect,Other,Two-way (divided with broken lines road marking),Tangent road with flat terrain,Y Shape,Asphalt roads,Dry,Daylight,Normal,Collision with roadside objects,3,2,Moving Backward,na,na,na,na,Driver,Normal,Not a Pedestrian,Changing lane to the left,Slight Injury,19
17:35:00,Saturday,Over 51,Male,High school,Employee,1-2yr,Lorry (41?100Q),Owner,Above 10yr,No defect,Residential areas,Two-way (divided with broken lines road marking),Tangent road with flat terrain,Crossing,Asphalt roads,Wet or damp,Darkness - lights lit,Raining,Collision with pedestrians,2,2,Going straight,Pedestrian,Male,18-30,3,Driver,Normal,Crossing from offside - masked by  parked or statioNot a Pedestrianry vehicle,Moving Backward,Slight Injury,17
20:37:00,Tuesday,Unknown,Male,Junior high school,Employee,2-5yr,Other,Owner,Unknown,No defect,Recreational areas,Two-way (divided with broken lines road marking),Tangent road with flat terrain,No junction,Asphalt roads,Dry,Darkness - lights lit,Normal,Collision with pedestrians,2,1,Stopping,na,na,na,na,Driver,Normal,Not a Pedestrian,Driving at high speed,Slight Injury,20
12:00:00,Wednesday,18-30,Male,Junior high school,Employee,2-5yr,Automobile,Owner,Unknown,No defect,Office areas,Undivided Two way,Tangent road with flat terrain,Y Shape,Asphalt roads,Wet or damp,Daylight,Raining,Vehicle with vehicle collision,2,1,Moving Backward,Passenger,Female,18-30,3,Driver,Normal,Not a Pedestrian,Improper parking,Serious Injury,12
18:40:00,Thursday,Unknown,Male,Junior high school,Employee,5-10yr,Other,Owner,Unknown,No defect,Residential areas,Two-way (divided with broken lines road marking),Tangent road with flat terrain,O Shape,Asphalt roads,Wet or damp,Daylight,Raining,Collision with roadside objects,2,1,Getting off,Passenger,Female,31-50,3,Driver,Normal,Not a Pedestrian,Changing lane to the right,Slight Injury,18
18:30:00,Saturday,18-30,Male,Junior high school,Employee,Above 10yr,Automobile,Owner,2-5yrs,No defect,Residential areas,Undivided Two way,Tangent road with flat terrain,Y Shape,Asphalt roads,Dry,Daylight,Normal,Collision with roadside objects,2,1,Going straight,Driver or rider,Female,18-30,3,Self-employed,Normal,Not a Pedestrian,No priority to vehicle,Slight Injury,18
8:54:00,Sunday,31-50,Male,Junior high school,Employee,5-10yr,Automobile,Owner,5-10yrs,No defect,School areas,other,Tangent road with flat terrain,Y Shape,Asphalt roads,Dry,Daylight,Normal,Vehicle with vehicle collision,2,1,Getting off,Pedestrian,Male,Over 51,3,Other,Normal,Not a Pedestrian,Driving carelessly,Slight Injury,8
1:39:00,Sunday,Unknown,Male,Above high school,Other,2-5yr,Stationwagen,Owner,Unknown,No defect,Office areas,One way,Tangent road with flat terrain,Y Shape,Asphalt roads,Dry,Darkness - lights lit,Normal,Vehicle with vehicle collision,2,1,Going straight,Driver or rider,Male,18-30,3,Self-employed,Normal,Not a Pedestrian,Changing lane to the left,Slight Injury,1
22:35:00,Wednesday,18-30,Male,Elementary school,Employee,Above 10yr,Automobile,Owner,Unknown,No defect,Other,Two-way (divided with broken lines road marking),Tangent road with flat terrain,No junction,Asphalt roads,Dry,Darkness - lights lit,Normal,Vehicle with vehicle collision,1,3,Going straight,Driver or rider,Male,31-50,3,Driver,Normal,Not a Pedestrian,No distancing,Slight Injury,22
14:30:00,Thursday,Over 51,Male,Elementary school,Employee,5-10yr,Pick up upto 10Q,Organization,Unknown,No defect,Other,Two-way (divided with broken lines road marking),Tangent road with flat terrain,Y Shape,Asphalt roads,Wet or damp,Daylight,Raining,Vehicle with vehicle collision,2,1,Entering a junction,Driver or rider,Male,31-50,3,Employee,Normal,Not a Pedestrian,Moving Backward,Slight Injury,14
15:08:00,Monday,18-30,Male,Junior high school,Employee,2-5yr,Pick up upto 10Q,Owner,5-10yrs,No defect,Church areas,Undivided Two way,Tangent road with flat terrain,Y Shape,Asphalt roads,Dry,Daylight,Normal,Vehicle with vehicle collision,2,1,Turnover,Pedestrian,Male,Over 51,3,Driver,Normal,Not a Pedestrian,Moving Backward,Serious Injury,15
21:25:00,Monday,Under 18,Male,Junior high school,Owner,Below 1yr,Lorry (11?40Q),Owner,5-10yrs,No defect,Church areas,other,Tangent road with flat terrain,Y Shape,Gravel roads,Wet or damp,Darkness - lights lit,Raining,Vehicle with vehicle collision,2,1,Going straight,na,na,na,na,Driver,Normal,Not a Pedestrian,Moving Backward,Slight Injury,21
0:01:00,Saturday,18-30,Male,Junior high school,Employee,5-10yr,Automobile,Owner,Unknown,No defect,Other,Two-way (divided with broken lines road marking),Tangent road with flat terrain,Crossing,Asphalt roads,Dry,Darkness - lights lit,Normal,Vehicle with vehicle collision,3,3,Going straight,na,na,na,na,Driver,Normal,Not a Pedestrian,Driving carelessly,Slight Injury,0
15:31:00,Monday,31-50,Male,Junior high school,Employee,Below 1yr,Stationwagen,Owner,Above 10yr,No defect,School areas,other,Tangent road with flat terrain,Y Shape,Asphalt roads,Dry,Daylight,Normal,Collision with pedestrians,1,1,Going straight,Driver or rider,Male,18-30,2,Driver,Normal,Not a Pedestrian,Changing lane to the left,Slight Injury,15
12:51:00,Wednesday,18-30,Male,Junior high school,Employee,5-10yr,Lorry (41?100Q),Owner,Unknown,No defect,Office areas,Undivided Two way,Tangent road with flat terrain,Crossing,Asphalt roads,Dry,Daylight,Normal,Vehicle with vehicle collision,3,2,Going straight,Driver or rider,Male,18-30,3,Driver,Normal,Not a Pedestrian,Moving Backward,Slight Injury,12
15:20:00,Saturday,Unknown,Female,Elementary school,Employee,1-2yr,Pick up upto 10Q,Owner,1-2yr,No defect,Office areas,Undivided Two way,Tangent road with flat terrain,No junction,Asphalt roads,Dry,Daylight,Normal,Vehicle with vehicle collision,1,1,Going straight,Driver or rider,Male,18-30,3,Driver,Normal,Not a Pedestrian,No priority to vehicle,Slight Injury,15
18:21:00,Sunday,18-30,Male,Junior high school,Owner,2-5yr,Lorry (11?40Q),Owner,1-2yr,5,Office areas,Undivided Two way,Tangent road with flat terrain,Y Shape,Asphalt roads,Dry,Daylight,Normal,Collision with pedestrians,2,1,Going straight,Driver or rider,Male,31-50,2,Driver,Normal,Not a Pedestrian,No distancing,Slight Injury,18
14:39:00,Saturday,18-30,Male,Junior high school,Owner,2-5yr,Long lorry,Owner,2-5yrs,No defect,Other,One way,Tangent road with flat terrain,Y Shape,Asphalt roads,Wet or damp,Daylight,Raining,Collision with pedestrians,2,1,Turnover,Driver or rider,Male,31-50,3,Driver,Normal,Not a Pedestrian,No priority to pedestrian,Slight Injury,14
17:15:00,Tuesday,18-30,Female,Junior high school,Employee,5-10yr,Public (> 45 seats),Owner,Unknown,No defect,Office areas,Double carriageway (median),Tangent road with flat terrain,No junction,Gravel roads,Dry,Daylight,Normal,Collision with roadside objects,2,1,Other,na,na,na,na,Driver,Normal,Not a Pedestrian,Driving carelessly,Slight Injury,17
16:07:00,Sunday,Under 18,Male,High school,Owner,5-10yr,Lorry (11?40Q),Owner,Above 10yr,No defect,School areas,other,Tangent road with flat terrain,Y Shape,Asphalt roads,Dry,Daylight,Normal,Collision with pedestrians,3,6,Going straight,Passenger,Female,18-30,3,Driver,Normal,Not a Pedestrian,Getting off the vehicle improperly,Slight Injury,16
12:10:00,Thursday,18-30,Male,Junior high school,Employee,5-10yr,Motorcycle,Owner,Unknown,No defect,Office areas,One way,Tangent road with flat terrain,No junction,Asphalt roads,Dry,Daylight,Normal,Vehicle with vehicle collision,2,2,Other,Driver or rider,Male,18-30,3,Driver,Normal,Not a Pedestrian,Driving carelessly,Slight Injury,12
16:00:00,Friday,31-50,Male,Junior high school,Employee,5-10yr,Pick up upto 10Q,Owner,Unknown,No defect,School areas,Undivided Two way,Tangent road with flat terrain,No junction,Asphalt roads,Dry,Daylight,Normal,Vehicle with vehicle collision,1,2,Going straight,Passenger,Female,18-30,3,Self-employed,Normal,Not a Pedestrian,No priority to pedestrian,Slight Injury,16
13:57:00,Wednesday,Unknown,Male,Junior high school,Employee,1-2yr,Long lorry,Owner,Above 10yr,No defect,Other,other,Tangent road with flat terrain,Y Shape,Other,Dry,Daylight,Normal,Vehicle with vehicle collision,2,1,Going straight,Driver or rider,Male,18-30,3,Self-employed,Normal,Not a Pedestrian,Driving to the left,Slight Injury,13
7:28:00,Wednesday,31-50,Male,Junior high school,Owner,5-10yr,Automobile,Owner,Unknown,No defect,School areas,Two-way (divided with broken lines road marking),Tangent road with flat terrain,Y Shape,Asphalt roads,Dry,Daylight,Normal,Vehicle with vehicle collision,2,1,Going straight,Passenger,Female,31-50,3,Driver,Normal,Not a Pedestrian,No distancing,Slight Injury,7
8:51:00,Friday,31-50,Male,Junior high school,Employee,5-10yr,Public (13?45 seats),Governmental,Above 10yr,No defect,Residential areas,other,Tangent road with flat terrain,Y Shape,Asphalt roads,Dry,Daylight,Normal,Collision with pedestrians,2,1,Going straight,na,na,na,na,Driver,Normal,Not a Pedestrian,Changing lane to the left,Slight Injury,8
20:30:00,Sunday,Over 51,Male,Above high school,Employee,1-2yr,Automobile,Owner,Unknown,No defect,Industrial areas,Two-way (divided with broken lines road marking),Tangent road with flat terrain,Y Shape,Asphalt roads,Dry,Daylight,Normal,Vehicle with vehicle collision,2,1,Going straight,Passenger,Female,18-30,2,Driver,Normal,Not a Pedestrian,Driving under the influence of drugs,Slight Injury,20