Time,Day_of_week,Age_band_of_driver,Sex_of_driver,Educational_level,Vehicle_driver_relation,Driving_experience,Type_of_vehicle,Owner_of_vehicle,Service_year_of_vehicle,Defect_of_vehicle,Area_accident_occured,Lanes_or_Medians,Road_allignment,Types_of_Junction,Road_surface_type,Road_surface_conditions,Light_conditions,Weather_conditions,Type_of_collision,Number_of_vehicles_involved,Number_of_casualties,Vehicle_movement,Casualty_class,Sex_of_casualty,Age_band_of_casualty,Casualty_severity,Work_of_casuality,Fitness_of_casuality,Pedestrian_movement,Cause_of_accident,Accident_severity,Hour
13:45:00,Sunday,Under 18,Male,Junior high school,Employee,2-5yr,Public (12 seats),Owner,2-5yrs,No defect,Office areas,Undivided Two way,Tangent road with flat terrain,Y Shape,Gravel roads,Wet or damp,Daylight,Raining,Vehicle with vehicle collision,2,2,Going straight,na,na,na,na,Driver,Normal,Not a Pedestrian,Driving carelessly,Slight Injury,13
7:25:00,Wednesday,31-50,Male,Junior high school,Employee,5-10yr,Automobile,Owner,Above 10yr,No defect,Church areas,Undivided Two way,Sharp reverse curve,Y Shape,Asphalt roads,Dry,Daylight,Normal,Vehicle with vehicle collision,2,1,Overtaking,Driver or rider,Female,Over 51,3,Driver,Normal,Not a Pedestrian,Driving to the left,Slight Injury,7
4:00:00,Friday,18-30,Male,Junior high school,Employee,5-10yr,Lorry (41?100Q),Owner,2-5yrs,No defect,Outside rural areas,Undivided Two way,Tangent road with mountainous terrain and,Y Shape,Asphalt roads,Dry,Daylight,Normal,Vehicle with vehicle collision,1,1,Going straight,Driver or rider,Male,31-50,3,Student,Normal,Not a Pedestrian,Overturning,Slight Injury,4
10:04:00,Wednesday,31-50,Male,Junior high school,Employee,Below 1yr,Long lorry,Governmental,Unknown,No defect,Residential areas,Two-way (divided with broken lines road marking),Tangent road with flat terrain,No junction,Asphalt roads,Wet or damp,Daylight,Raining,Vehicle with vehicle collision,3,1,Going straight,na,na,na,na,Employee,Normal,Not a Pedestrian,Driving carelessly,Slight Injury,10
13:55:00,Sunday,18-30,Male,Junior high school,Employee,Below 1yr,Pick up upto 10Q,Owner,2-5yrs,No defect,Office areas,Two-way (divided with broken lines road marking),Tangent road with mild grade and flat terrain,Y Shape,Asphalt roads,Dry,Daylight,Normal,Vehicle with vehicle collision,3,3,Going straight,Pedestrian,Male,Over 51,2,Driver,Normal,Unknown or other,Changing lane to the right,Slight Injury,13
7:50:00,Thursday,Unknown,Male,Illiterate,Employee,unknown,Automobile,Owner,Above 10yr,No defect,Residential areas,other,Tangent road with flat terrain,Y Shape,Asphalt roads,Dry,Daylight,Raining,Vehicle with vehicle collision,3,1,Going straight,Pedestrian,Female,31-50,3,Driver,Normal,Not a Pedestrian,Other,Slight Injury,7
13:00:00,Friday,18-30,Male,Elementary school,Owner,2-5yr,Pick up upto 10Q,Owner,2-5yrs,No defect,Residential areas,Two-way (divided with broken lines road marking),Tangent road with flat terrain,Y Shape,Asphalt roads,Dry,Daylight,Normal,Vehicle with vehicle collision,3,1,Reversing,Driver or rider,Male,31-50,3,Driver,Normal,Not a Pedestrian,Other,Slight Injury,13
9:10:00,Monday,Over 51,Male,Junior high school,Employee,Above 10yr,Lorry (41?100Q),Owner,Unknown,No defect,Office areas,Two-way (divided with broken lines road marking),Tangent road with flat terrain,Y Shape,Asphalt roads,Wet or damp,Daylight,Normal,Collision with pedestrians,1,1,Unknown,Driver or rider,Male,31-50,3,Driver,Normal,Not a Pedestrian,Other,Fatal injury,9
15:50:00,Saturday,18-30,Male,Junior high school,Employee,5-10yr,Automobile,Owner,Unknown,No defect,Other,Two-way (divided with broken lines road marking),Tangent road with flat terrain,Y Shape,Asphalt roads,Dry,Darkness - lights lit,Normal,Vehicle with vehicle collision,2,3,Going straight,na,na,na,na,Driver,Normal,Not a Pedestrian,Driving carelessly,Slight Injury,15
17:25:00,Friday,31-50,Male,Junior high school,Employee,5-10yr,Lorry (41?100Q),Owner,Unknown,No defect,Residential areas,Undivided Two way,Tangent road with flat terrain,No junction,Asphalt roads,Dry,Daylight,Normal,Collision with roadside objects,2,1,Other,Driver or rider,Male,31-50,3,Driver,Normal,Not a Pedestrian,Driving under the influence of drugs,Slight Injury,17
21:34:00,Friday,18-30,Male,Elementary school,Employee,Above 10yr,Pick up upto 10Q,Owner,Unknown,No defect,Other,Two-way (divided with broken lines road marking),Tangent road with flat terrain,No junction,Asphalt roads,Dry,Darkness - lights lit,Normal,Vehicle with vehicle collision,1,3,Stopping,na,na,na,na,Driver,Normal,Not a Pedestrian,No priority to vehicle,Slight Injury,21
19:28:00,Wednesday,Over 51,Male,Elementary school,Owner,Above 10yr,Automobile,Owner,Unknown,No defect,Residential areas,Undivided Two way,Tangent road with flat terrain,Crossing,Asphalt roads,Dry,Daylight,Normal,Vehicle with vehicle collision,3,1,Overtaking,Passenger,Male,Under 18,3,Driver,Normal,Not a Pedestrian,Changing lane to the right,Slight Injury,19
18:32:00,Tuesday,31-50,Male,Elementary school,Owner,5-10yr,Automobile,Owner,Unknown,No defect,Office areas,other,Tangent road with flat terrain,Y Shape,Asphalt roads,Wet or damp,Daylight,Normal,Vehicle with vehicle collision,2,2,Going straight,Passenger,Male,Under 18,3,Self-employed,Normal,Not a Pedestrian,Changing lane to the right,Slight Injury,18
17:00:00,Saturday,18-30,Male,Elementary school,Employee,No Licence,Automobile,Owner,Unknown,7,Other,other,Tangent road with flat terrain,Crossing,Asphalt roads,Dry,Daylight,Normal,Vehicle with vehicle collision,3,2,Other,Pedestrian,Female,31-50,3,Driver,Normal,Not a Pedestrian,No distancing,Slight Injury,17
14:00:00,Sunday,18-30,Male,Junior high school,Owner,1-2yr,Pick up upto 10Q,Owner,Above 10yr,No defect,Other,Two-way (divided with broken lines road marking),Tangent road with flat terrain,Other,Asphalt roads,Wet or damp,Daylight,Raining,Vehicle with vehicle collision,4,2,Going straight,na,na,na,na,Driver,Normal,Not a Pedestrian,Changing lane to the right,Slight Injury,14
17:21:00,Thursday,31-50,Male,Elementary school,Employee,1-2yr,Automobile,Owner,Unknown,No defect,Other,Undivided Two way,Tangent road with flat terrain,No junction,Asphalt roads,Wet or damp,Darkness - lights lit,Normal,Vehicle with vehicle collision,4,2,Reversing,Passenger,Male,5,3,Driver,Normal,Not a Pedestrian,No distancing,Slight Injury,17
20:55:00,Saturday,31-50,Male,Junior high school,Owner,Below 1yr,Long lorry,Owner,Unknown,No defect,Other,Two-way (divided with broken lines road marking),Tangent road with flat terrain,Y Shape,Asphalt roads,Wet or damp,Darkness - lights lit,Normal,Vehicle with vehicle collision,1,2,Going straight,Driver or rider,Male,18-30,2,Driver,Normal,Not a Pedestrian,No distancing,Slight Injury,20
11:04:00,Sunday,31-50,Male,Above high school,Employee,5-10yr,Lorry (41?100Q),Owner,Unknown,No defect,Other,Two-way (divided with broken lines road marking),Tangent road with flat terrain,X Shape,Asphalt roads,Dry,Daylight,Normal,Vehicle with vehicle collision,2,1,Going straight,Driver or rider,Female,18-30,3,Driver,Normal,Not a Pedestrian,No priority to vehicle,Slight Injury,11
8:09:00,Saturday,31-50,Male,Elementary school,Employee,5-10yr,Lorry (41?100Q),Governmental,Unknown,No defect,Residential areas,Two-way (divided with broken lines road marking),Tangent road with flat terrain,Crossing,Asphalt roads,Dry,Daylight,Normal,Collision with roadside objects,2,3,Going straight,Passenger,Male,31-50,3,Driver,Normal,Not a Pedestrian,Driving carelessly,Slight Injury,8
12:03:00,Sunday,Over 51,Male,Junior high school,Owner,5-10yr,Stationwagen,Owner,Unknown,No defect,Church areas,Undivided Two way,Tangent road with flat terrain,Crossing,Asphalt roads,Dry,Daylight,Normal,Collision with pedestrians,2,3,Going straight,Driver or rider,Male,31-50,3,Driver,Normal,Not a Pedestrian,Driving carelessly,Slight Injury,12
8:27:00,Wednesday,Over 51,Male,Junior high school,Employee,2-5yr,Lorry (41?100Q),Owner,2-5yrs,No defect,Office areas,One way,Steep grade downward with mountainous terrain,Y Shape,Asphalt roads,Dry,Daylight,Normal,Collision with roadside objects,3,1,Going straight,na,na,na,na,Driver,Normal,Not a Pedestrian,Moving Backward,Serious Injury,8
16:54:00,Tuesday,Over 51,Male,Junior high school,Employee,2-5yr,Automobile,Owner,Unknown,No defect,Outside rural areas,Undivided Two way,Tangent road with mountainous terrain and,Y Shape,Asphalt roads,Dry,Daylight,Normal,Collision with roadside objects,1,1,Turnover,na,na,na,na,Driver,Normal,Not a Pedestrian,Driving at high speed,Slight Injury,16
11:30:00,Thursday,18-30,Male,Junior high school,Employee,2-5yr,Public (12 seats),Owner,Unknown,No defect,Other,Two-way (divided with broken lines road marking),Tangent road with flat terrain,Y Shape,Asphalt roads,Dry,Daylight,Normal,Collision with roadside objects,2,1,Going straight,na,na,na,na,Student,Normal,Not a Pedestrian,Changing lane to the right,Slight Injury,11
10:41:00,Wednesday,31-50,Male,Junior high school,Employee,Below 1yr,Lorry (41?100Q),Owner,Unknown,No defect,Office areas,Undivided Two way,Tangent road with flat terrain,Y Shape,Asphalt roads,Dry,Darkness - lights lit,Normal,Collision with roadside objects,2,1,Going straight,Pedestrian,Female,Under 18,3,Driver,Normal,Not a Pedestrian,Driving carelessly,Slight Injury,10
6:50:00,Wednesday,Unknown,Male,Junior high school,Employee,2-5yr,Lorry (11?40Q),Owner,Above 10yr,No defect,Office areas,other,Tangent road with flat terrain,No junction,Asphalt roads,Wet or damp,Darkness - lights lit,Raining,Vehicle with vehicle collision,2,1,Reversing,Pedestrian,Female,Under 18,3,Driver,Normal,Crossing from driver's nearside,Changing lane to the right,Slight Injury,6
9:30:00,Friday,31-50,Male,Junior high school,Employee,2-5yr,Public (13?45 seats),Owner,Unknown,No defect,Church areas,Undivided Two way,Tangent road with flat terrain,Unknown,Asphalt roads,Dry,Daylight,Normal,Vehicle with vehicle collision,2,1,Going straight,Driver or rider,Female,Under 18,3,Self-employed,Normal,Not a Pedestrian,Moving Backward,Slight Injury,9
7:10:00,Thursday,18-30,Male,Junior high school,Employee,2-5yr,Taxi,Owner,5-10yrs,No defect,Residential areas,One way,Tangent road with flat terrain,No junction,Asphalt roads,Dry,Daylight,Normal,Vehicle with vehicle collision,2,1,Getting off,Pedestrian,Male,Under 18,3,Driver,Normal,Unknown or other,No distancing,Slight Injury,7
15:30:00,Tuesday,Over 51,Male,Junior high school,Employee,Above 10yr,Automobile,Owner,Unknown,No defect,Office areas,Two-way (divided with broken lines road marking),Tangent road with flat terrain,Crossing,Asphalt roads,Dry,Daylight,Normal,Vehicle with vehicle collision,3,2,Going straight,na,na,na,na,Driver,Normal,Not a Pedestrian,Changing lane to the left,Slight Injury,15
15:00:00,Saturday,Unknown,Male,Junior high school,Employee,5-10yr,Lorry (41?100Q),Owner,Above 10yr,No defect,Other,Two-way (divided with broken lines road marking),Tangent road with flat terrain,Y Shape,Asphalt roads,Dry,Daylight,Normal,Vehicle with vehicle collision,2,2,Going straight,na,na,na,na,Driver,Normal,Not a Pedestrian,Driving under the influence of drugs,Serious Injury,15
18:20:00,Saturday,Unknown,Male,Elementary school,Employee,2-5yr,Public (13?45 seats),Owner,Unknown,No defect,Church areas,Double carriageway (median),Tangent road with flat terrain,No junction,Asphalt roads,Dry,Darkness - lights lit,Normal,Vehicle with vehicle collision,2,1,Going straight,Driver or rider,Male,Under 18,3,Driver,Normal,Not a Pedestrian,No distancing,Slight Injury,18
19:05:00,Saturday,31-50,Male,Elementary school,Employee,2-5yr,Automobile,Owner,2-5yrs,No defect,Other,Two-way (divided with broken lines road marking),Tangent road with flat terrain,No junction,Asphalt roads,Dry,Darkness - no lighting,Unknown,Collision with roadside objects,2,1,Going straight,na,na,na,na,Driver,Normal,Not a Pedestrian,Moving Backward,Slight Injury,19
19:45:00,Sunday,31-50,Male,Junior high school,Employee,5-10yr,Automobile,Owner,Unknown,No defect,School areas,other,Steep grade downward with mountainous terrain,No junction,Asphalt roads,Dry,Darkness - lights lit,Normal,Vehicle with vehicle collision,3,1,Going straight,Passenger,Female,18-30,3,Driver,Normal,Not a Pedestrian,Moving Backward,Slight Injury,19
22:10:00,Wednesday,18-30,Male,Junior high school,Employee,5-10yr,Automobile,Owner,2-5yrs,No defect,Office areas,Double carriageway (median),Tangent road with flat terrain,No junction,Asphalt roads,Dry,Darkness - lights lit,Normal,Collision with roadside objects,1,2,Getting off,Driver or rider,Male,31-50,3,Driver,Normal,Not a Pedestrian,Changing lane to the right,Serious Injury,22
16:05:00,Tuesday,Over 51,Male,Junior high school,Employee,Below 1yr,Automobile,Owner,Unknown,No defect,Other,One way,Tangent road with flat terrain,Y Shape,Asphalt roads,Dry,Daylight,Normal,Vehicle with vehicle collision,4,5,Going straight,Passenger,Female,18-30,3,Driver,Normal,Not a Pedestrian,No distancing,Slight Injury,16
6:41:00,Thursday,31-50,Male,Junior high school,Employee,2-5yr,Automobile,Owner,Unknown,No defect,Industrial areas,Two-way (divided with broken lines road marking),Tangent road with flat terrain,No junction,Asphalt roads,Dry,Daylight,Normal,Vehicle with vehicle collision,2,3,Going straight,na,na,na,na,Driver,Normal,Not a Pedestrian,No distancing,Slight Injury,6
21:00:00,Wednesday,31-50,Unknown,Elementary school,Employee,1-2yr,Automobile,Owner,2-5yrs,No defect,Other,Two-way (divided with broken lines road marking),Tangent road with flat terrain,Y Shape,Asphalt roads,Dry,Darkness - lights lit,Normal,Collision with roadside objects,2,1,Going straight,Driver or rider,Male,31-50,3,Driver,Normal,Not a Pedestrian,Unknown,Slight Injury,21
9:45:00,Monday,Over 51,Male,Elementary school,Employee,2-5yr,Automobile,Owner,Unknown,No defect,Church areas,Two-way (divided with broken lines road marking),Tangent road with flat terrain,Unknown,Asphalt roads,Dry,Daylight,Normal,Vehicle with vehicle collision,2,2,Reversing,na,na,na,na,Driver,Normal,Not a Pedestrian,No distancing,Slight Injury,9
14:52:00,Saturday,18-30,Male,Elementary school,Employee,Above 10yr,Automobile,Owner,5-10yrs,No defect,Church areas,Unknown,Tangent road with mountainous terrain and,Crossing,Asphalt roads,Dry,Daylight,Normal,Vehicle with vehicle collision,2,1,Going straight,Driver or rider,Male,5,3,Other,Normal,Not a Pedestrian,No distancing,Slight Injury,14
8:45:00,Wednesday,Unknown,Male,Junior high school,Employee,5-10yr,Automobile,Owner,Unknown,No defect,Other,Two-way (divided with broken lines road marking),Tangent road with flat terrain,No junction,Asphalt roads,Dry,Daylight,Normal,Vehicle with vehicle collision,1,1,Going straight,Pedestrian,Female,31-50,3,Driver,Normal,Unknown or other,No priority to pedestrian,Slight Injury,8
18:50:00,Thursday,Unknown,Female,Junior high school,Employee,2-5yr,Lorry (41?100Q),Owner,Unknown,No defect,Church areas,Double carriageway (median),Tangent road with flat terrain,Y Shape,Asphalt roads,Wet or damp,Darkness - lights lit,Normal,Vehicle with vehicle collision,4,3,Moving Backward,Driver or rider,Male,18-30,2,Driver,Normal,Not a Pedestrian,No distancing,Slight Injury,18
23:10:00,Friday,18-30,Male,Elementary school,Employee,Below 1yr,Lorry (41?100Q),Owner,Unknown,No defect,Office areas,other,Tangent road with mountainous terrain and,Y Shape,Asphalt roads with some distress,Dry,Daylight,Normal,Vehicle with vehicle collision,6,2,Going straight,na,na,na,na,Driver,Normal,Not a Pedestrian,Driving carelessly,Serious Injury,23
19:14:00,Monday,18-30,Male,Junior high school,Employee,5-10yr,Other,Governmental,Unknown,No defect,Office areas,other,Tangent road with flat terrain,Crossing,Asphalt roads,Dry,Daylight,Normal,Collision with pedestrians,2,2,Moving Backward,Driver or rider,Male,Under 18,2,Driver,Normal,Not a Pedestrian,Driving at high speed,Slight Injury,19
13:16:00,Wednesday,31-50,Male,Junior high school,Employee,1-2yr,Other,Owner,Unknown,No defect,Office areas,Undivided Two way,Tangent road with flat terrain,Y Shape,Earth roads,Dry,Daylight,Normal,Vehicle with vehicle collision,1,1,Going straight,Passenger,Female,Under 18,3,Employee,Normal,Not a Pedestrian,No priority to vehicle,Slight Injury,13
6:10:00,Friday,18-30,Male,Junior high school,Employee,5-10yr,Lorry (41?100Q),Owner,Unknown,No defect,Other,Two-way (divided with broken lines road marking),Tangent road with flat terrain,Y Shape,Asphalt roads,Dry,Daylight,Normal,Vehicle with vehicle collision,2,2,Turnover,Driver or rider,Male,31-50,3,Driver,Normal,Not a Pedestrian,Changing lane to the left,Slight Injury,6
16:05:00,Saturday,18-30,Male,Junior high school,Employee,Above 10yr,Lorry (11?40Q),Owner,Unknown,No defect,Other,Two-way (divided with broken lines road marking),Steep grade downward with mountainous terrain,No junction,Asphalt roads,Dry,Daylight,Normal,Collision with pedestrians,2,1,Going straight,na,na,na,na,Driver,Normal,Not a Pedestrian,No distancing,Slight Injury,16
16:55:00,Friday,Unknown,Female,Junior high school,Employee,Above 10yr,Automobile,Owner,Unknown,No defect,Other,Two-way (divided with broken lines road marking),Tangent road with flat terrain,No junction,Asphalt roads,Dry,Daylight,Normal,Rollover,3,3,Going straight,Pedestrian,Male,Over 51,2,Driver,Normal,Unknown or other,No priority to vehicle,Slight Injury,16
19:00:00,Tuesday,31-50,Male,Elementary school,Employee,2-5yr,Pick up upto 10Q,Owner,Above 10yr,No defect,Other,Undivided Two way,Tangent road with flat terrain,Crossing,Asphalt roads,Wet or damp,Daylight,Normal,Vehicle with vehicle collision,2,1,Going straight,Driver or rider,Male,31-50,3,Self-employed,Normal,Not a Pedestrian,Changing lane to the right,Serious Injury,19
19:17:00,Monday,18-30,Male,Junior high school,Owner,Below 1yr,Automobile,Owner,Unknown,No defect,Other,Undivided Two way,Tangent road with flat terrain,Y Shape,Asphalt roads,Wet or damp,Darkness - lights lit,Raining,Collision with roadside objects,2,1,Reversing,Driver or rider,Male,18-30,3,Self-employed,Normal,Not a Pedestrian,Moving Backward,Serious Injury,19
17:25:00,Friday,31-50,Female,Junior high school,Employee,Above 10yr,Automobile,Owner,Unknown,No defect,Other,Two-way (divided with broken lines road marking),Tangent road with flat terrain,Y Shape,Asphalt roads,Dry,Darkness - lights lit,Normal,Vehicle with vehicle collision,2,3,Getting off,na,na,na,na,Self-employed,Normal,Not a Pedestrian,No priority to vehicle,Serious Injury,17
9:50:00,Friday,Over 51,Male,Junior high school,Employee,Below 1yr,Motorcycle,Owner,Unknown,No defect,Office areas,Two-way (divided with solid lines road marking),Tangent road with flat terrain,Y Shape,Asphalt roads,Wet or damp,Daylight,Raining,Vehicle with vehicle collision,2,2,Going straight,Passenger,Female,5,3,Self-employed,Normal,Not a Pedestrian,Changing lane to the left,Slight Injury,9
13:01:00,Saturday,Over 51,Male,Junior high school,Employee,5-10yr,Automobile,Owner,2-5yrs,No defect,Residential areas,Two-way (divided with broken lines road marking),Tangent road with flat terrain,Other,Asphalt roads,Dry,Daylight,Normal,Vehicle with vehicle collision,4,1,Going straight,na,na,na,na,Driver,Normal,Not a Pedestrian,Changing lane to the left,Slight Injury,13
5:55:00,Thursday,Over 51,Male,Junior high school,Employee,5-10yr,Lorry (41?100Q),Governmental,Unknown,No defect,Church areas,Double carriageway (median),Tangent road with flat terrain,No junction,Asphalt roads,Dry,Darkness - lights lit,Normal,Rollover,2,2,Moving Backward,Pedestrian,Male,18-30,3,Driver,Normal,Unknown or other,No priority to vehicle,Slight Injury,5
17:25:00,Monday,31-50,Male,Junior high school,Owner,Above 10yr,Public (> 45 seats),Owner,Above 10yr,No defect,Office areas,other,Tangent road with flat terrain,Y Shape,Asphalt roads,Dry,Daylight,Normal,Vehicle with vehicle collision,2,1,Going straight,na,na,na,na,Driver,Normal,Not a Pedestrian,No priority to pedestrian,Slight Injury,17
18:00:00,Tuesday,Unknown,Male,Junior high school,Employee,2-5yr,Automobile,Owner,Unknown,No defect,Other,Two-way (divided with broken lines road marking),Tangent road with flat terrain,No junction,Asphalt roads,Dry,Darkness - lights lit,Normal,Vehicle with vehicle collision,2,1,Going straight,Driver or rider,Male,18-30,3,Self-employed,Normal,Not a Pedestrian,Driving carelessly,Slight Injury,18
17:27:00,Friday,31-50,Male,Junior high school,Employee,1-2yr,Automobile,Owner,Unknown,No defect,Other,Two-way (divided with broken lines road marking),Tangent road with flat terrain,Y Shape,Asphalt roads,Wet or damp,Darkness - lights lit,Raining,Collision with roadside objects,2,2,Going straight,na,na,na,na,Self-employed,Normal,Not a Pedestrian,No priority to vehicle,Slight Injury,17
14:40:00,Saturday,18-30,Male,Junior high school,Employee,Above 10yr,Lorry (41?100Q),Owner,Above 10yr,No defect,Church areas,Two-way (divided with broken lines road marking),Tangent road with flat terrain,Y Shape,Asphalt roads,Wet or damp,Daylight,Normal,Vehicle with vehicle collision,2,2,Going straight,Pedestrian,Male,Over 51,3,Driver,Normal,Not a Pedestrian,Driving carelessly,Slight Injury,14
10:00:00,Friday,18-30,Male,Junior high school,Employee,unknown,Taxi,Owner,Unknown,No defect,Office areas,Undivided Two way,Tangent road with flat terrain,No junction,Asphalt roads,Dry,Daylight,Normal,Collision with roadside objects,2,1,Moving Backward,Driver or rider,Male,Over 51,3,Driver,Normal,Not a Pedestrian,Driving carelessly,Slight Injury,10
12:48:00,Sunday,31-50,Male,Illiterate,Owner,1-2yr,Automobile,Owner,2-5yrs,No defect,Other,other,Tangent road with flat terrain,Y Shape,Asphalt roads,Wet or damp,Daylight,Raining,Vehicle with vehicle collision,2,4,Going straight,Pedestrian,Female,Under 18,3,Driver,Normal,"In carriageway, statioNot a Pedestrianry - not crossing  (standing or playing)",No distancing,Slight Injury,12
15:53:00,Monday,18-30,Male,Junior high school,Owner,1-2yr,Lorry (41?100Q),Owner,Unknown,No defect,Office areas,Two-way (divided with broken lines road marking),Tangent road with flat terrain,Y Shape,Asphalt roads,Dry,Darkness - lights lit,Normal,Collision with roadside objects,2,1,Going straight,Driver or rider,Male,18-30,3,Driver,Normal,Not a Pedestrian,Driving carelessly,Slight Injury,15
18:30:00,Wednesday,18-30,Male,Junior high school,Employee,Below 1yr,Automobile,Owner,1-2yr,No defect,Other,Two-way (divided with broken lines road marking),Tangent road with flat terrain,Other,Asphalt roads,Dry,Darkness - lights lit,Unknown,Collision with roadside objects,2,1,Other,Driver or rider,Male,31-50,2,Driver,Normal,Not a Pedestrian,Changing lane to the right,Serious Injury,18
16:47:00,Friday,31-50,Male,Junior high school,Employee,2-5yr,Pick up upto 10Q,Owner,Unknown,No defect,Church areas,Double carriageway (median),Tangent road with flat terrain,Crossing,Asphalt roads,Dry,Daylight,Normal,Vehicle with vehicle collision,2,2,Moving Backward,Pedestrian,Female,18-30,3,Driver,Normal,Unknown or other,Driving carelessly,Slight Injury,16
13:10:00,Saturday,18-30,Male,High school,Owner,5-10yr,Pick up upto 10Q,Owner,Unknown,No defect,Residential areas,Undivided Two way,Tangent road with flat terrain,Y Shape,Asphalt roads,Wet or damp,Darkness - lights lit,Windy,Collision with roadside objects,1,1,Other,Driver or rider,Female,Over 51,2,Driver,Normal,Not a Pedestrian,Moving Backward,Slight Injury,13
21:42:00,Saturday,31-50,Male,Junior high school,Employee,2-5yr,Stationwagen,Owner,Unknown,No defect,Other,other,Tangent road with flat terrain,Y Shape,Asphalt roads,Wet or damp,Darkness - lights lit,Normal,Vehicle with vehicle collision,1,1,Other,Passenger,Female,Over 51,3,Driver,Normal,Not a Pedestrian,No priority to vehicle,Serious Injury,21
17:30:00,Wednesday,18-30,Male,Junior high school,Employee,2-5yr,Automobile,Owner,Unknown,No defect,Residential areas,Undivided Two way,Tangent road with flat terrain,Crossing,Asphalt roads,Dry,Daylight,Normal,Vehicle with vehicle collision,1,1,Moving Backward,Driver or rider,Female,18-30,3,Driver,Normal,Not a Pedestrian,Other,Slight Injury,17
8:05:00,Tuesday,Unknown,Male,Writing & reading,Employee,5-10yr,Automobile,Owner,Unknown,No defect,Office areas,Two-way (divided with broken lines road marking),Tangent road with flat terrain,Y Shape,Asphalt roads,Dry,Daylight,Normal,Vehicle with vehicle collision,4,2,Going straight,na,na,na,na,Driver,Normal,Not a Pedestrian,Driving under the influence of drugs,Slight Injury,8
3:40:00,Saturday,18-30,Female,Junior high school,Employee,5-10yr,Taxi,Owner,Above 10yr,No defect,Residential areas,other,Tangent road with rolling terrain,Crossing,Asphalt roads,Dry,Darkness - lights lit,Normal,Vehicle with vehicle collision,2,3,Going straight,na,na,na,na,Self-employed,Normal,Not a Pedestrian,Changing lane to the right,Fatal injury,3
16:30:00,Friday,Unknown,Male,Elementary school,Employee,Above 10yr,Lorry (41?100Q),Owner,2-5yrs,No defect,Other,Two-way (divided with broken lines road marking),Tangent road with flat terrain,Crossing,Asphalt roads,Dry,Daylight,Normal,Collision with pedestrians,2,1,Reversing,Driver or rider,Female,18-30,3,Self-employed,Normal,Not a Pedestrian,Driving carelessly,Slight Injury,16
17:45:00,Thursday,31-50,Male,Elementary school,Employee,5-10yr,Automobile,Owner,5-10yrs,No defect,Industrial areas,Two-way (divided with broken lines road marking),Tangent road with mild grade and flat terrain,Y Shape,Asphalt roads,Dry,Darkness - lights lit,Normal,Vehicle with vehicle collision,1,1,Going straight,Pedestrian,Male,Over 51,2,Driver,Normal,Not a Pedestrian,Changing lane to the right,Slight Injury,17
13:00:00,Sunday,18-30,Male,Junior high school,Employee,5-10yr,Public (> 45 seats),Owner,1-2yr,No defect,Hospital areas,Undivided Two way,Tangent road with flat terrain,Crossing,Asphalt roads,Wet or damp,Daylight,Raining,Collision with roadside objects,2,1,Going straight,na,na,na,na,Driver,Normal,Not a Pedestrian,Changing lane to the right,Slight Injury,13
22:39:00,Saturday,Over 51,Male,High school,Employee,Above 10yr,Pick up upto 10Q,Owner,Unknown,No defect,Residential areas,Undivided Two way,Tangent road with flat terrain,Crossing,Asphalt roads,Dry,Darkness - lights lit,Normal,Vehicle with vehicle collision,2,2,Going straight,Driver or rider,Male,Under 18,3,Self-employed,Normal,Not a Pedestrian,Driving carelessly,Slight Injury,22
17:10:00,Wednesday,18-30,Male,Junior high school,Owner,5-10yr,Lorry (41?100Q),Owner,5-10yrs,No defect,Office areas,Undivided Two way,Tangent road with flat terrain,Y Shape,Asphalt roads,Dry,Daylight,Normal,Vehicle with vehicle collision,3,2,Other,Driver or rider,Male,18-30,3,Driver,Normal,Not a Pedestrian,Changing lane to the right,Slight Injury,17
23:36:00,Thursday,Under 18,Male,Elementary school,Employee,Below 1yr,Lorry (41?100Q),Owner,Unknown,No defect,Residential areas,Two-way (divided with broken lines road marking),Tangent road with flat terrain,No junction,Asphalt roads,Dry,Darkness - no lighting,Normal,Vehicle with vehicle collision,1,4,Going straight,na,na,na,na,Driver,Normal,Not a Pedestrian,No priority to pedestrian,Serious Injury,23
17:10:00,Wednesday,31-50,Male,Junior high school,Employee,Below 1yr,Public (12 seats),Governmental,Below 1yr,No defect,Residential areas,Two-way (divided with broken lines road marking),Tangent road with flat terrain,Crossing,Asphalt roads,Wet or damp,Darkness - lights lit,Normal,Collision with roadside objects,2,3,Going straight,na,na,na,na,Driver,Normal,Not a Pedestrian,Changing lane to the left,Slight Injury,17