Time,Day_of_week,Age_band_of_driver,Sex_of_driver,Educational_level,Vehicle_driver_relation,Driving_experience,Type_of_vehicle,Owner_of_vehicle,Service_year_of_vehicle,Defect_of_vehicle,Area_accident_occured,Lanes_or_Medians,Road_allignment,Types_of_Junction,Road_surface_type,Road_surface_conditions,Light_conditions,Weather_conditions,Type_of_collision,Number_of_vehicles_involved,Number_of_casualties,Vehicle_movement,Casualty_class,Sex_of_casualty,Age_band_of_casualty,Casualty_severity,Work_of_casuality,Fitness_of_casuality,Pedestrian_movement,Cause_of_accident,Accident_severity,Hour
19:50:00,Wednesday,31-50,Male,Junior high school,Employee,Above 10yr,Automobile,Owner,Unknown,No defect,Recreational areas,other,Tangent road with flat terrain,No junction,Asphalt roads,Wet or damp,Darkness - lights lit,Normal,Collision with pedestrians,2,1,Entering a junction,na,na,na,na,Driver,Normal,Not a Pedestrian,Driving under the influence of drugs,Slight Injury,19
12:20:00,Monday,Unknown,Female,Junior high school,Employee,Above 10yr,Other,Owner,Unknown,No defect,Church areas,Two-way (divided with broken lines road marking),Tangent road with flat terrain,Y Shape,Asphalt roads,Dry,Daylight,Normal,Collision with pedestrians,2,1,Reversing,Driver or rider,Male,31-50,3,Student,Normal,Not a Pedestrian,Changing lane to the right,Slight Injury,12
16:05:00,Friday,Unknown,Male,Junior high school,Employee,5-10yr,Long lorry,Owner,2-5yrs,No defect,Other,Undivided Two way,Tangent road with mountainous terrain and,No junction,Asphalt roads,Dry,Daylight,Normal,Vehicle with vehicle collision,2,1,Going straight,Driver or rider,Female,31-50,3,Self-employed,Normal,Not a Pedestrian,No priority to pedestrian,Slight Injury,16
13:40:00,Sunday,18-30,Male,Elementary school,Employee,1-2yr,Motorcycle,Owner,Above 10yr,No defect,Residential areas,Undivided Two way,Tangent road with flat terrain,Crossing,Asphalt roads,Dry,Daylight,Normal,Vehicle with vehicle collision,2,1,Going straight,na,na,na,na,Self-employed,Normal,Not a Pedestrian,No priority to vehicle,Slight Injury,13
16:15:00,Tuesday,31-50,Male,Junior high school,Employee,1-2yr,Pick up upto 10Q,Owner,Above 10yr,No defect,Residential areas,other,Tangent road with flat terrain,No junction,Asphalt roads,Dry,Daylight,Normal,Vehicle with vehicle collision,2,2,Going straight,na,na,na,na,Driver,Normal,Not a Pedestrian,Driving carelessly,Slight Injury,16
8:05:00,Thursday,Unknown,Female,Junior high school,Employee,Above 10yr,Lorry (41?100Q),Owner,Unknown,No defect,Office areas,Two-way (divided with broken lines road marking),Tangent road with flat terrain,No junction,Asphalt roads,Dry,Daylight,Normal,Vehicle with vehicle collision,3,1,Going straight,na,na,na,na,Self-employed,Normal,Not a Pedestrian,Driving carelessly,Slight Injury,8
15:44:00,Thursday,18-30,Male,Junior high school,Employee,Below 1yr,Stationwagen,Owner,Unknown,No defect,Office areas,Two-way (divided with broken lines road marking),Tangent road with flat terrain,Crossing,Asphalt roads,Dry,Daylight,Normal,Vehicle with vehicle collision,1,2,Reversing,Passenger,Male,18-30,3,Driver,Normal,Not a Pedestrian,Changing lane to the left,Slight Injury,15
12:00:00,Sunday,18-30,Male,Junior high school,Employee,5-10yr,Automobile,Owner,Unknown,No defect,Other,Two-way (divided with broken lines road marking),Tangent road with flat terrain,No junction,Asphalt roads,Dry,Daylight,Normal,Vehicle with vehicle collision,3,4,Going straight,Driver or rider,Male,Under 18,3,Driver,Normal,Not a Pedestrian,Overspeed,Slight Injury,12
20:15:00,Thursday,31-50,Male,Junior high school,Employee,5-10yr,Pick up upto 10Q,Owner,Unknown,No defect,Office areas,Two-way (divided with broken lines road marking),Tangent road with flat terrain,Y Shape,Asphalt roads,Dry,Daylight,Normal,Vehicle with vehicle collision,2,1,Going straight,Driver or rider,Male,31-50,3,Driver,Normal,Not a Pedestrian,Changing lane to the right,Slight Injury,20
9:45:00,Monday,18-30,Male,Elementary school,Employee,5-10yr,Automobile,Owner,2-5yrs,No defect,Other,Undivided Two way,Tangent road with mountainous terrain and,No junction,Asphalt roads,Dry,Daylight,Normal,Collision with roadside objects,2,1,Moving Backward,Driver or rider,Male,18-30,3,Other,Normal,Not a Pedestrian,Getting off the vehicle improperly,Slight Injury,9
16:05:00,Friday,Under 18,Male,Junior high school,Employee,1-2yr,Automobile,Owner,1-2yr,No defect,School areas,other,Steep grade downward with mountainous terrain,Other,Asphalt roads,Dry,Daylight,Normal,Collision with roadside objects,2,2,Going straight,na,na,na,na,Self-employed,Normal,Not a Pedestrian,Changing lane to the right,Serious Injury,16
11:30:00,Tuesday,18-30,Male,Junior high school,Employee,Below 1yr,Bajaj,Owner,Above 10yr,No defect,Office areas,Two-way (divided with broken lines road marking),Tangent road with flat terrain,No junction,Asphalt roads,Dry,Daylight,Normal,Collision with pedestrians,2,2,Turnover,Pedestrian,Female,18-30,3,Self-employed,Normal,Crossing from nearside - masked by parked or statioNot a Pedestrianry vehicle,Moving Backward,Slight Injury,11
20:00:00,Friday,Over 51,Male,Elementary school,Owner,2-5yr,Lorry (41?100Q),Governmental,2-5yrs,No defect,Office areas,Undivided Two way,Tangent road with flat terrain,No junction,Asphalt roads,Dry,Darkness - lights lit,Normal,Collision with roadside objects,1,1,Going straight,Driver or rider,Male,31-50,3,Driver,Normal,Not a Pedestrian,Changing lane to the right,Slight Injury,20
21:55:00,Thursday,18-30,Male,Junior high school,Employee,1-2yr,Public (> 45 seats),Governmental,Unknown,No defect,Residential areas,Two-way (divided with broken lines road marking),Tangent road with flat terrain,O Shape,Asphalt roads,Dry,Darkness - lights lit,Normal,Vehicle with vehicle collision,2,1,Going straight,Pedestrian,Male,18-30,3,Other,Normal,Not a Pedestrian,Changing lane to the right,Slight Injury,21
19:00:00,Tuesday,Over 51,Male,Junior high school,Employee,Below 1yr,Automobile,Owner,Unknown,No defect,Residential areas,other,Tangent road with flat terrain,No junction,Asphalt roads,Dry,Darkness - lights lit,Normal,Vehicle with vehicle collision,2,1,Going straight,Driver or rider,Male,18-30,3,Driver,Normal,Not a Pedestrian,Changing lane to the right,Slight Injury,19
15:42:00,Sunday,Unknown,Female,Junior high school,Employee,Above 10yr,Automobile,Owner,Unknown,No defect,Other,Undivided Two way,Tangent road with flat terrain,Y Shape,Earth roads,Flood over 3cm. deep,Daylight,Raining,Vehicle with vehicle collision,2,1,Turnover,Driver or rider,Male,31-50,2,Driver,Normal,Not a Pedestrian,No distancing,Slight Injury,15
13:00:00,Thursday,18-30,Male,Junior high school,Owner,1-2yr,Lorry (11?40Q),Owner,5-10yrs,No defect,Residential areas,Two-way (divided with broken lines road marking),Tangent road with flat terrain,Y Shape,Asphalt roads,Dry,Daylight,Normal,Vehicle with vehicle collision,3,2,Moving Backward,na,na,na,na,Driver,Normal,Not a Pedestrian,No priority to vehicle,Slight Injury,13
20:30:00,Tuesday,Unknown,Male,Junior high school,Employee,1-2yr,Stationwagen,Owner,Unknown,No defect,Other,Two-way (divided with broken lines road marking),Tangent road with flat terrain,No junction,Gravel roads,Wet or damp,Darkness - lights lit,Raining,Collision with pedestrians,1,1,Going straight,Pedestrian,Male,31-50,3,Driver,Normal,"Walking along in carriageway, facing traffic",Driving carelessly,Slight Injury,20
8:55:00,Saturday,18-30,Male,Junior high school,Employee,5-10yr,Automobile,Owner,Above 10yr,No defect,Residential areas,Two-way (divided with broken lines road marking),Tangent road with flat terrain,Crossing,Asphalt roads,Dry,Daylight,Normal,Vehicle with vehicle collision,1,2,Other,Driver or rider,Male,18-30,3,Self-employed,Normal,Not a Pedestrian,Changing lane to the right,Serious Injury,8
21:05:00,Saturday,18-30,Male,Junior high school,Employee,5-10yr,Automobile,Owner,1-2yr,No defect,Other,other,Steep grade downward with mountainous terrain,Y Shape,Asphalt roads,Dry,Darkness - lights lit,Normal,Vehicle with vehicle collision,1,1,Going straight,Pedestrian,Male,5,3,Driver,Normal,Not a Pedestrian,No distancing,Serious Injury,21
16:30:00,Wednesday,18-30,Male,Illiterate,Employee,2-5yr,Automobile,Owner,Unknown,No defect,Residential areas,Undivided Two way,Tangent road with flat terrain,No junction,Asphalt roads,Dry,Daylight,Normal,Vehicle with vehicle collision,3,1,Reversing,Pedestrian,Male,Under 18,2,Self-employed,Normal,Unknown or other,No distancing,Slight Injury,16
19:10:00,Friday,31-50,Male,Junior high school,Owner,5-10yr,Pick up upto 10Q,Owner,Unknown,No defect,School areas,Two-way (divided with broken lines road marking),Tangent road with flat terrain,Crossing,Asphalt roads,Wet or damp,Darkness - lights lit,Raining,Collision with roadside objects,1,1,Turnover,Pedestrian,Female,Under 18,2,Driver,Normal,Crossing from nearside - masked by parked or statioNot a Pedestrianry vehicle,Overturning,Slight Injury,19
11:25:00,Friday,31-50,Male,Junior high school,Employee,Below 1yr,Lorry (41?100Q),Owner,Unknown,No defect,Office areas,other,Tangent road with mountainous terrain and,Y Shape,Gravel roads,Dry,Daylight,Normal,Collision with roadside objects,2,1,Going straight,Driver or rider,Male,18-30,3,Other,Normal,Not a Pedestrian,Driving under the influence of drugs,Slight Injury,11
22:31:00,Wednesday,31-50,Male,Junior high school,Employee,5-10yr,Public (13?45 seats),Owner,Unknown,No defect,Other,Two-way (divided with broken lines road marking),Tangent road with flat terrain,Crossing,Asphalt roads,Dry,Darkness - lights lit,Normal,Vehicle with vehicle collision,2,1,Going straight,Pedestrian,Female,Under 18,3,Self-employed,Normal,Not a Pedestrian,Changing lane to the right,Slight Injury,22
22:39:00,Wednesday,Over 51,Male,High school,Owner,5-10yr,Lorry (41?100Q),Owner,5-10yrs,No defect,School areas,other,Tangent road with flat terrain,Y Shape,Asphalt roads,Dry,Darkness - lights lit,Normal,Vehicle with vehicle collision,1,1,Going straight,Passenger,Female,18-30,3,Employee,Normal,Not a Pedestrian,Getting off the vehicle improperly,Slight Injury,22
8:00:00,Tuesday,31-50,Male,Junior high school,Employee,2-5yr,Pick up upto 10Q,Owner,Above 10yr,No defect,Residential areas,Undivided Two way,Tangent road with flat terrain,No junction,Asphalt roads,Wet or damp,Darkness - lights lit,Normal,Vehicle with vehicle collision,1,1,Other,na,na,na,na,Self-employed,Normal,Not a Pedestrian,Turnover,Serious Injury,8
15:10:00,Monday,18-30,Male,Writing & reading,Employee,Below 1yr,Stationwagen,Owner,Unknown,No defect,Residential areas,other,Tangent road with flat terrain,Unknown,Asphalt roads,Wet or damp,Daylight,Normal,Vehicle with vehicle collision,3,1,Going straight,Pedestrian,Male,Over 51,3,Driver,Normal,Unknown or other,Driving carelessly,Slight Injury,15
8:20:00,Tuesday,18-30,Male,Junior high school,Employee,Below 1yr,Long lorry,Owner,5-10yrs,No defect,Residential areas,One way,Tangent road with flat terrain,Y Shape,Asphalt roads,Dry,Daylight,Normal,Collision with animals,2,1,Going straight,Driver or rider,Male,Under 18,3,Driver,Normal,Not a Pedestrian,Moving Backward,Serious Injury,8
18:23:00,Tuesday,31-50,Male,Junior high school,Owner,2-5yr,Other,Owner,Unknown,No defect,Other,Double carriageway (median),Tangent road with flat terrain,Crossing,Asphalt roads,Dry,Darkness - lights lit,Normal,Collision with roadside objects,2,1,Going straight,Passenger,Male,31-50,3,Driver,Normal,Not a Pedestrian,No priority to pedestrian,Slight Injury,18
22:25:00,Friday,18-30,Male,Junior high school,Employee,5-10yr,Automobile,Owner,Unknown,No defect,Other,Undivided Two way,Tangent road with flat terrain,Y Shape,Asphalt roads,Wet or damp,Darkness - lights lit,Raining,Vehicle with vehicle collision,2,4,Moving Backward,Driver or rider,Male,31-50,3,Driver,Normal,Not a Pedestrian,Changing lane to the left,Slight Injury,22
12:00:00,Tuesday,18-30,Male,Elementary school,Employee,2-5yr,Lorry (41?100Q),Owner,Unknown,No defect,Other,Two-way (divided with broken lines road marking),Tangent road with flat terrain,Y Shape,Asphalt roads,Dry,Daylight,Normal,Vehicle with vehicle collision,2,1,Going straight,Driver or rider,Male,31-50,3,Self-employed,Normal,Not a Pedestrian,Changing lane to the left,Slight Injury,12
21:25:00,Tuesday,18-30,Male,Junior high school,Owner,1-2yr,Public (13?45 seats),Owner,1-2yr,No defect,Residential areas,other,Steep grade downward with mountainous terrain,No junction,Asphalt roads,Wet or damp,Darkness - no lighting,Raining,Collision with pedestrians,1,1,Going straight,Pedestrian,Female,31-50,3,Driver,Normal,Not a Pedestrian,Changing lane to the left,Serious Injury,21
16:57:00,Friday,31-50,Male,Junior high school,Employee,1-2yr,Other,Owner,1-2yr,No defect,Office areas,Two-way (divided with broken lines road marking),Tangent road with flat terrain,T Shape,Asphalt roads,Dry,Daylight,Normal,Vehicle with vehicle collision,2,1,Overtaking,Driver or rider,Male,18-30,3,Driver,Normal,Not a Pedestrian,Driving carelessly,Slight Injury,16
0:29:00,Saturday,18-30,Male,Junior high school,Owner,Above 10yr,Automobile,Owner,2-5yrs,No defect,Other,Undivided Two way,Tangent road with flat terrain,No junction,Earth roads,Dry,Darkness - lights lit,Normal,Vehicle with vehicle collision,2,1,Going straight,Driver or rider,Male,31-50,3,Driver,Normal,Not a Pedestrian,No priority to pedestrian,Slight Injury,0
19:45:00,Saturday,Unknown,Male,Junior high school,Employee,2-5yr,Long lorry,Owner,5-10yrs,No defect,Other,One way,Tangent road with flat terrain,Y Shape,Asphalt roads,Dry,Darkness - lights lit,Normal,Vehicle with vehicle collision,2,1,Moving Backward,Passenger,Female,Under 18,3,Employee,Normal,Not a Pedestrian,Changing lane to the right,Slight Injury,19
18:25:00,Wednesday,31-50,Male,High school,Employee,Above 10yr,Automobile,Owner,Unknown,No defect,Other,Two-way (divided with broken lines road marking),Tangent road with flat terrain,Crossing,Asphalt roads,Dry,Daylight,Normal,Vehicle with vehicle collision,3,1,Going straight,Driver or rider,Male,Under 18,3,Driver,Normal,Not a Pedestrian,Driving carelessly,Slight Injury,18
12:04:00,Monday,Over 51,Male,Junior high school,Employee,2-5yr,Long lorry,Governmental,Unknown,No defect,School areas,Undivided Two way,Tangent road with flat terrain,Other,Asphalt roads,Dry,Daylight,Normal,Vehicle with vehicle collision,2,6,Going straight,Driver or rider,Male,18-30,3,Driver,Normal,Not a Pedestrian,Changing lane to the right,Serious Injury,12
14:30:00,Friday,31-50,Male,Elementary school,Owner,5-10yr,Lorry (11?40Q),Owner,2-5yrs,No defect,Rural village areas,Undivided Two way,Gentle horizontal curve,No junction,Asphalt roads,Dry,Daylight,Normal,Vehicle with vehicle collision,3,1,Other,na,na,na,na,Self-employed,Normal,Not a Pedestrian,Changing lane to the right,Slight Injury,14
21:34:00,Sunday,18-30,Male,Above high school,Employee,5-10yr,Lorry (41?100Q),Governmental,Unknown,No defect,Church areas,Double carriageway (median),Tangent road with flat terrain,No junction,Asphalt roads,Dry,Darkness - lights lit,Normal,Vehicle with vehicle collision,2,1,Going straight,Driver or rider,Male,Over 51,3,Driver,Normal,Not a Pedestrian,Moving Backward,Serious Injury,21
0:25:00,Sunday,31-50,Male,Writing & reading,Employee,5-10yr,Automobile,Owner,Above 10yr,No defect,School areas,Two-way (divided with broken lines road marking),Tangent road with flat terrain,Y Shape,Asphalt roads,Dry,Darkness - lights lit,Normal,Vehicle with vehicle collision,2,2,Getting off,Driver or rider,Male,18-30,3,Driver,Normal,Not a Pedestrian,No distancing,Slight Injury,0
23:30:00,Monday,18-30,Male,Junior high school,Employee,5-10yr,Automobile,Owner,Unknown,No defect,Residential areas,Undivided Two way,Tangent road with flat terrain,Crossing,Asphalt roads,Dry,Darkness - lights lit,Normal,Vehicle with vehicle collision,2,2,Going straight,na,na,na,na,Driver,Normal,Not a Pedestrian,Overtaking,Slight Injury,23
8:00:00,Monday,18-30,Male,Junior high school,Employee,Below 1yr,Lorry (41?100Q),Owner,2-5yrs,No defect,Residential areas,Double carriageway (median),Tangent road with flat terrain,Y Shape,Asphalt roads,Dry,Daylight,Normal,Rollover,1,1,Going straight,na,na,na,na,Driver,Normal,Not a Pedestrian,No priority to vehicle,Slight Injury,8
23:54:00,Saturday,Unknown,Female,Junior high school,Employee,Above 10yr,Automobile,Owner,2-5yrs,No defect,Other,Undivided Two way,Tangent road with flat terrain,Y Shape,Asphalt roads,Wet or damp,Darkness - lights lit,Normal,Vehicle with vehicle collision,2,1,Going straight,Pedestrian,Male,18-30,3,Driver,Normal,Crossing from nearside - masked by parked or statioNot a Pedestrianry vehicle,Moving Backward,Serious Injury,23
17:55:00,Monday,Under 18,Male,Junior high school,Employee,Above 10yr,Automobile,Owner,Unknown,No defect,Residential areas,other,Tangent road with flat terrain,Crossing,Asphalt roads,Wet or damp,Daylight,Raining,Vehicle with vehicle collision,2,1,Turnover,Pedestrian,Female,18-30,3,Other,Normal,"In carriageway, statioNot a Pedestrianry - not crossing  (standing or playing)",No priority to vehicle,Slight Injury,17
21:18:00,Friday,18-30,Male,High school,Employee,5-10yr,Lorry (41?100Q),Owner,Unknown,No defect,Other,Two-way (divided with broken lines road marking),Tangent road with flat terrain,Crossing,Asphalt roads,Dry,Darkness - lights lit,Other,Collision with roadside objects,2,3,Getting off,na,na,na,na,Driver,Normal,Not a Pedestrian,No priority to vehicle,Slight Injury,21
11:26:00,Monday,18-30,Male,Junior high school,Employee,Above 10yr,Lorry (41?100Q),Owner,Unknown,No defect,Office areas,other,Tangent road with mountainous terrain and,O Shape,Asphalt roads,Dry,Daylight,Normal,Collision with roadside objects,2,1,Going straight,Driver or rider,Male,18-30,3,Self-employed,Normal,Not a Pedestrian,Changing lane to the left,Slight Injury,11
11:45:00,Thursday,31-50,Male,Above high school,Employee,No Licence,Lorry (41?100Q),Owner,Unknown,No defect,Other,other,Tangent road with flat terrain,No junction,Asphalt roads,Wet or damp,Daylight,Raining,Collision with roadside objects,2,1,Going straight,Driver or rider,Male,18-30,3,Driver,Normal,Not a Pedestrian,Driving carelessly,Slight Injury,11
18:40:00,Friday,18-30,Male,Junior high school,Employee,2-5yr,Lorry (11?40Q),Owner,Unknown,No defect,Church areas,One way,Tangent road with flat terrain,Y Shape,Asphalt roads,Dry,Daylight,Normal,Vehicle with vehicle collision,2,1,Moving Backward,Pedestrian,Female,31-50,2,Driver,Normal,Crossing from nearside - masked by parked or statioNot a Pedestrianry vehicle,Changing lane to the right,Slight Injury,18
16:04:00,Thursday,18-30,Male,High school,Employee,Above 10yr,Other,Owner,2-5yrs,No defect,Other,other,Tangent road with flat terrain,Y Shape,Asphalt roads,Dry,Daylight,Normal,Vehicle with vehicle collision,2,1,Going straight,Pedestrian,Male,5,3,Driver,Normal,Not a Pedestrian,No distancing,Slight Injury,16
13:28:00,Saturday,Over 51,Male,Junior high school,Employee,Below 1yr,Lorry (41?100Q),Owner,Unknown,No defect,Other,Two-way (divided with broken lines road marking),Tangent road with flat terrain,Y Shape,Asphalt roads,Dry,Daylight,Normal,Vehicle with vehicle collision,2,1,Going straight,na,na,na,na,Student,Normal,Not a Pedestrian,Changing lane to the left,Slight Injury,13
12:20:00,Wednesday,Unknown,Male,Junior high school,Owner,Below 1yr,Lorry (11?40Q),Owner,Unknown,No defect,Other,Two-way (divided with broken lines road marking),Tangent road with flat terrain,No junction,Asphalt roads,Dry,Daylight,Cloudy,Vehicle with vehicle collision,4,2,Going straight,Pedestrian,Female,18-30,3,Self-employed,Normal,Not a Pedestrian,Driving carelessly,Slight Injury,12
8:40:00,Tuesday,Unknown,Female,Junior high school,Employee,2-5yr,Other,Owner,2-5yrs,No defect,Other,Undivided Two way,Tangent road with flat terrain,Y Shape,Asphalt roads,Dry,Daylight,Normal,Vehicle with vehicle collision,1,1,Entering a junction,na,na,na,na,Driver,Normal,Not a Pedestrian,No priority to vehicle,Slight Injury,8
16:10:00,Wednesday,31-50,Male,Junior high school,Employee,5-10yr,Public (> 45 seats),Owner,Unknown,No defect,Church areas,other,Tangent road with flat terrain,Y Shape,Asphalt roads,Dry,Daylight,Normal,Vehicle with vehicle collision,3,1,Getting off,na,na,na,na,Self-employed,Normal,Not a Pedestrian,No priority to vehicle,Slight Injury,16
10:44:00,Friday,31-50,Male,Junior high school,Employee,5-10yr,Automobile,Owner,Unknown,No defect,Office areas,Double carriageway (median),Tangent road with flat terrain,No junction,Asphalt roads,Dry,Daylight,Normal,Vehicle with vehicle collision,1,1,Going straight,na,na,na,na,Driver,Normal,Not a Pedestrian,No distancing,Slight Injury,10
8:14:00,Monday,Over 51,Male,Writing & reading,Employee,2-5yr,Other,Owner,Unknown,No defect,Office areas,other,Tangent road with flat terrain,Other,Asphalt roads,Wet or damp,Daylight,Raining and Windy,Collision with roadside objects,2,1,Going straight,Driver or rider,Male,18-30,2,Driver,Normal,Not a Pedestrian,Changing lane to the right,Slight Injury,8
13:31:00,Sunday,31-50,Male,High school,Employee,Above 10yr,Public (13?45 seats),Owner,Below 1yr,No defect,Other,other,Steep grade downward with mountainous terrain,No junction,Asphalt roads,Dry,Daylight,Normal,Vehicle with vehicle collision,2,2,Turnover,na,na,na,na,Driver,Normal,Not a Pedestrian,Changing lane to the right,Slight Injury,13
18:40:00,Saturday,31-50,Male,Junior high school,Employee,5-10yr,Public (13?45 seats),Owner,2-5yrs,No defect,Other,Undivided Two way,Tangent road with flat terrain,Y Shape,Asphalt roads,Dry,Daylight,Normal,Vehicle with vehicle collision,2,1,Going straight,Driver or rider,Male,Under 18,3,Driver,Normal,Not a Pedestrian,Changing lane to the left,Slight Injury,18
22:45:00,Wednesday,31-50,Male,Junior high school,Employee,2-5yr,Stationwagen,Owner,Unknown,No defect,Recreational areas,One way,Tangent road with mild grade and flat terrain,Crossing,Asphalt roads,Wet or damp,Darkness - lights lit,Raining,Rollover,2,3,Other,Driver or rider,Male,18-30,3,Driver,Normal,Not a Pedestrian,Driving carelessly,Slight Injury,22
16:53:00,Saturday,31-50,Male,Junior high school,Employee,5-10yr,Automobile,Governmental,1-2yr,No defect,Other,Double carriageway (median),Tangent road with flat terrain,Y Shape,Asphalt roads,Dry,Daylight,Normal,Vehicle with vehicle collision,2,2,Reversing,na,na,na,na,Driver,Normal,Not a Pedestrian,Changing lane to the right,Slight Injury,16
13:00:00,Tuesday,Under 18,Male,Elementary school,Employee,2-5yr,Automobile,Owner,Unknown,No defect,Recreational areas,other,Tangent road with flat terrain,Y Shape,Asphalt roads,Dry,Daylight,Normal,Vehicle with vehicle collision,2,1,Going straight,Driver or rider,Female,18-30,3,Driver,Normal,Not a Pedestrian,No priority to pedestrian,Slight Injury,13
2:32:00,Thursday,18-30,Male,Writing & reading,Employee,2-5yr,Public (13?45 seats),Governmental,Unknown,No defect,Other,Double carriageway (median),Tangent road with flat terrain,Y Shape,Asphalt roads,Dry,Darkness - lights lit,Normal,Vehicle with vehicle collision,1,2,Going straight,na,na,na,na,Other,Normal,Not a Pedestrian,Moving Backward,Serious Injury,2
12:30:00,Saturday,18-30,Male,Junior high school,Employee,5-10yr,Other,Organization,2-5yrs,No defect,Other,Undivided Two way,Tangent road with flat terrain,Crossing,Asphalt roads,Wet or damp,Daylight,Raining,Vehicle with vehicle collision,2,2,Other,na,na,na,na,Driver,Normal,Not a Pedestrian,Driving carelessly,Slight Injury,12
11:30:00,Thursday,18-30,Male,Junior high school,Employee,5-10yr,Pick up upto 10Q,Owner,5-10yrs,No defect,Church areas,Two-way (divided with broken lines road marking),Tangent road with flat terrain,Y Shape,Asphalt roads,Dry,Daylight,Normal,Collision with roadside objects,2,1,Going straight,Driver or rider,Male,18-30,3,Driver,Normal,Not a Pedestrian,No priority to pedestrian,Slight Injury,11
11:29:00,Sunday,31-50,Male,Junior high school,Employee,5-10yr,Lorry (11?40Q),Owner,Unknown,No defect,Office areas,other,Tangent road with flat terrain,No junction,Asphalt roads,Dry,Daylight,Normal,Vehicle with vehicle collision,2,1,Going straight,Pedestrian,Male,18-30,3,Driver,Normal,Crossing from nearside - masked by parked or statioNot a Pedestrianry vehicle,Overtaking,Serious Injury,11
13:11:00,Wednesday,18-30,Male,Junior high school,Employee,5-10yr,Ridden horse,Governmental,Unknown,No defect,Office areas,other,Tangent road with flat terrain,Y Shape,Asphalt roads,Wet or damp,Daylight,Raining,Collision with roadside objects,2,1,Going straight,na,na,na,na,Driver,Normal,Not a Pedestrian,No distancing,Slight Injury,13
1:10:00,Wednesday,31-50,Male,Unknown,Other,5-10yr,Automobile,Owner,Unknown,No defect,Office areas,Double carriageway (median),Tangent road with flat terrain,Y Shape,Asphalt roads,Wet or damp,Darkness - lights lit,Normal,Collision with animals,2,1,Going straight,Pedestrian,Male,18-30,3,Driver,Normal,Crossing from nearside - masked by parked or statioNot a Pedestrianry vehicle,No priority to pedestrian,Slight Injury,1
22:00:00,Saturday,18-30,Male,Elementary school,Employee,Above 10yr,Stationwagen,Owner,Unknown,No defect,Office areas,Undivided Two way,Tangent road with flat terrain,No junction,Asphalt roads,Wet or damp,Darkness - lights lit,Raining,Collision with roadside objects,3,1,Going straight,Driver or rider,Male,18-30,3,Driver,Normal,Not a Pedestrian,Changing lane to the left,Slight Injury,22
16:28:00,Tuesday,18-30,Male,Junior high school,Employee,5-10yr,Pick up upto 10Q,Governmental,Above 10yr,No defect,Other,Double carriageway (median),Tangent road with flat terrain,Y Shape,Asphalt roads,Dry,Darkness - lights lit,Normal,Vehicle with vehicle collision,2,1,Going straight,na,na,na,na,Driver,Normal,Not a Pedestrian,Driving at high speed,Slight Injury,16
15:00:00,Wednesday,Under 18,Male,Elementary school,Employee,2-5yr,Automobile,Owner,Unknown,No defect,Recreational areas,Undivided Two way,Tangent road with flat terrain,Y Shape,Asphalt roads,Wet or damp,Daylight,Raining,Vehicle with vehicle collision,1,1,Going straight,Driver or rider,Male,31-50,3,Driver,Other,Not a Pedestrian,Overturning,Serious Injury,15
15:04:00,Wednesday,31-50,Male,Junior high school,Employee,5-10yr,Automobile,Owner,5-10yrs,No defect,Other,Double carriageway (median),Gentle horizontal curve,No junction,Asphalt roads,Dry,Daylight,Normal,Vehicle with vehicle collision,2,3,Going straight,Passenger,Male,Under 18,3,Driver,Normal,Not a Pedestrian,Changing lane to the left,Slight Injury,15
11:36:00,Monday,18-30,Male,Junior high school,Employee,Above 10yr,Public (12 seats),Owner,Unknown,No defect,Other,other,Tangent road with flat terrain,No junction,Asphalt roads,Dry,Daylight,Normal,Vehicle with vehicle collision,2,1,Going straight,Driver or rider,Male,18-30,2,Driver,Normal,Not a Pedestrian,Changing lane to the right,Serious Injury,11
15:55:00,Thursday,31-50,Male,Junior high school,Owner,2-5yr,Automobile,Owner,2-5yrs,No defect,Industrial areas,One way,Tangent road with flat terrain,Y Shape,Asphalt roads,Dry,Daylight,Normal,Vehicle with vehicle collision,1,1,Other,na,na,na,na,Driver,Normal,Not a Pedestrian,Getting off the vehicle improperly,Serious Injury,15
10:00:00,Sunday,18-30,Male,Junior high school,Employee,5-10yr,Automobile,Owner,Above 10yr,No defect,Office areas,other,Tangent road with flat terrain,No junction,Asphalt roads,Dry,Daylight,Normal,Vehicle with vehicle collision,3,1,Getting off,na,na,na,na,Employee,Normal,Not a Pedestrian,No priority to pedestrian,Slight Injury,10
20:35:00,Thursday,18-30,Male,Junior high school,Employee,5-10yr,Pick up upto 10Q,Owner,5-10yrs,No defect,Other,Undivided Two way,Tangent road with flat terrain,Crossing,Asphalt roads,Dry,Darkness - no lighting,Normal,Collision with pedestrians,2,1,Going straight,Passenger,Female,31-50,3,Driver,Normal,Not a Pedestrian,Other,Slight Injury,20